,ry,Kc,Gc,q,E,G,K,K/G,v,Gbas,Kbas,vbas
Fe65.5Cr15Mo4Ga4P12C5B5.5,…,…,…,7.30,149.7,…,113.4,…,0.280,82,170,0.29
Fe80P13C7,3.23,77,60,7.51,137.3,…,…,…,…,82,170,0.29
Fe46Ni32V2Si14B6,3.8,4,…,…,…,…,…,…,…,82,170,0.29
Fe75Mo5P10C8.3B1.7,3.2,27,…,…,…,…,…,…,…,82,170,0.29
Ti50Ni24Cu20B1Si2Sn3,2.1,…,…,…,110.0,…,…,…,…,44,110,0.32
Co43Fe20Ta5.5B31.5,…,…,…,…,209.0,…,…,…,…,75,180,0.31
Zn40Ca31Mg11Yb18,…,…,…,4.30,28.8,…,…,…,0.259,43,70,0.25
Ce60Al20Ni10Cu10,0.8,10,…,…,30.3,…,…,…,0.313,14,22,0.24
Dy40Y16Al24Co20,…,…,0.06,…,…,…,…,…,0.317,25,41,0.25
Metallic glasses (at. %),(GPa),(MPa m1/2),(kJ m 2),(g cm 3),(GPa),(GPa),(GPa),,,(GPa),(GPa),
Co56Ta9B35,5.59,…,…,9.27,246.9,93.8,224.1,2.389,0.315,75,180,0.31
Co58Ta7B35,5.515,…,…,8.96,240.6,91.5,215.7,2.357,…,75,180,0.31
Fe64Cr10Mo9C15Er2,…,…,…,7.99,224.9,88.2,166.8,1.891,0.275,82,170,0.29
Fe48Cr15Mo14C15B6Er2,…,…,…,7.90,224.0,85.8,191.1,2.227,0.305,82,170,0.29
Fe41Co7Cr15Mo14C15B6Y2,…,…,…,7.90,220.2,84.1,192.5,2.289,0.309,82,170,0.29
Fe49Cr15Mo14C13B8Er1,…,…,…,…,220.0,82.5,201.0,2.436,0.320,82,170,0.29
Fe50Cr15Mo14C15B6,…,…,…,…,217.0,82.0,204.0,2.488,0.322,82,170,0.29
Co43Fe5Cr15Mo14C15B6Er2,5.2,…,…,…,…,82.0,…,…,…,75,180,0.31
Fe49Cr15Mo14C15B6Er1,3.75,25.6,2.8,…,220.0,81.9,200.0,2.442,0.320,82,170,0.29
Fe48Cr15Mo14C15B6Er2,4.2,12.7,0.72,…,213.0,81.0,195.0,2.407,0.317,82,170,0.29
Fe49Cr15Mo14C17B4Er1,…,…,…,…,210.0,80.8,200.0,2.475,0.320,82,170,0.29
Fe49Cr15Mo14C18B3Er1,…,…,…,…,210.0,80.2,200.0,2.494,0.320,82,170,0.29
(Fe0.6Cr0.1Mo0.09C0.13B0.06Er0.02)98Pb2,…,…,…,7.98,206.7,79.6,170.7,2.144,0.298,82,170,0.29
Fe60Cr10Mo9C13B6Er2,…,…,…,7.92,205.5,79.2,169.1,2.135,0.300,82,170,0.29
(Fe0.6Cr0.1Mo0.09C0.13B0.06Er0.02)98Be2,…,…,…,7.81,205.1,79.2,167.2,2.111,0.296,82,170,0.29
Fe49Cr15Mo14C19B2Er1,…,27.1,3.3,…,210.0,78.9,207.0,2.624,0.330,82,170,0.29
(Fe0.6Cr0.1Mo0.09C0.13B0.06Er0.02)95Be5,…,…,…,7.63,204.4,78.8,167.9,2.131,0.297,82,170,0.29
(Fe0.6Cr0.1Mo0.09C0.13B0.06Y0.02)98V2,…,…,…,7.71,203.7,78.1,172.7,2.211,0.303,82,170,0.29
Fe63Mo14C15B6Er2,…,…,…,…,204.0,77.8,178.0,2.288,0.310,82,170,0.29
Fe59Cr6Mo14C15B6,3.8,52.8,12.3,…,204.0,77.4,188.0,2.429,0.319,82,170,0.29
Fe60.5Cr4Mo14C15B6Er0.5,…,…,…,…,202.0,76.6,184.0,2.402,0.318,82,170,0.29
(Fe0.6Cr0.1Mo0.09C0.13B0.06Er0.02)95Ni5,…,…,…,7.93,199.2,76.6,166.6,2.175,0.301,82,170,0.29
(Fe0.6Cr0.1Mo0.09C0.13B0.06Er0.02)98In2,…,…,…,7.75,194.1,76.3,142.2,1.864,0.272,82,170,0.29
(Fe0.9Co0.1)58.5Cr6Mo14C15B6Er0.5,…,…,…,…,200.0,76.2,190.0,2.493,0.320,82,170,0.29
Fe50Mn10Mo14Cr4C16B6,…,5.7,0.15,…,200.0,76.1,180.0,2.365,0.314,82,170,0.29
(Fe0.9Co0.1)58.5Cr6Mo14C18B3Er0.5,…,…,…,…,200.0,75.3,187.0,2.483,0.320,82,170,0.29
(Fe0.9Co0.1)58.5Cr6Mo14C19B2Er0.5,…,…,…,…,200.0,74.4,188.0,2.527,0.330,82,170,0.29
Fe71Nb6B23,…,…,…,…,194.0,73.4,182.6,2.488,0.323,82,170,0.29
Fe53.25Ni17.75Nb6B23,…,…,…,…,195.0,73.4,186.5,2.541,0.326,82,170,0.29
(Fe0.9Co0.1)64Mo14C15B6Er1,…,…,…,…,196.0,73.0,177.0,2.425,0.317,82,170,0.29
(Fe0.9Co0.1)64.25Mo14C15B6Er0.75,…,…,…,…,193.0,73.0,176.0,2.411,0.317,82,170,0.29
(Fe0.9Co0.1)64.5Mo14C15B6Er0.5,3.6,26.5,3.8,…,192.0,73.0,175.0,2.397,0.317,82,170,0.29
(Fe0.9Co0.1)64.75Mo14C15B6Er0.25,…,…,…,…,193.0,73.0,175.0,2.397,0.317,82,170,0.29
(Fe0.9Co0.1)64.875Mo14C15B6Er0.125,…,…,…,…,193.0,73.0,178.0,2.438,0.319,82,170,0.29
Fe65Mo14C15B6,3.9,38,7,…,195.0,73.0,195.0,2.671,0.334,82,170,0.29
Fe63Cr3Mo12P10C7B5,…,…,…,…,183.0,68.8,179.0,2.602,0.330,82,170,0.29
Fe68Cr3Mo10P6C10B3,…,…,…,…,180.0,67.6,172.0,2.544,0.326,82,170,0.29
Fe65Cr2Mo9P10C8B6,…,…,…,…,177.0,66.8,174.0,2.605,0.330,82,170,0.29
Fe66Cr3Mo10P8C10B3,3.1,46.7,11.1,…,177.0,66.5,172.0,2.586,0.330,82,170,0.29
Ni60Nb35Sn5,…,…,…,8.64,…,66.3,267.0,4.026,0.385,76,180,0.31
Fe66Mo10P12C10B2,…,…,…,…,176.0,66.1,176.0,2.663,0.333,82,170,0.29
Fe64Cr3Mo10P10C10B3,…,…,…,…,176.0,66.0,174.0,2.636,0.330,82,170,0.29
Fe63Cr3Mo10P12C10B2,…,…,…,…,178.0,65.3,178.0,2.726,0.340,82,170,0.29
Fe63Cr3Mo12P10C7B5,…,…,…,…,173.0,65.2,174.0,2.669,0.333,82,170,0.29
Fe35.5Ni35.5Nb6B23,…,…,…,…,174.0,64.9,203.8,3.140,0.356,82,170,0.29
Fe80P11C9,…,…,…,…,161.0,61.0,148.0,2.426,0.320,82,170,0.29
Ni60Sn6(Nb0.8Ta0.2)34,…,…,…,9.24,…,59.4,189.0,3.181,0.357,76,180,0.31
Fe68Mo5Ni5Cr2P12.5C5B2.5,3.2,44.2,…,…,…,57.9,149.7,2.584,…,82,170,0.29
Fe70Mo5Ni5P12.5C5B2.5,…,…,…,…,…,57.3,150.1,2.619,…,82,170,0.29
Fe70Mo5Ni5P12.5C5B2.5,3.2,49.8,…,…,…,57.3,150.1,2.619,…,82,170,0.29
Fe74.5Mo5.5P12.5C5B2.5,3.2,53.1,…,…,…,56.9,145.0,2.547,…,82,170,0.29
Ni56Co3Nb28Hf8Sn5,3.05,26,4,…,…,52.9,173.8,3.285,0.362,76,180,0.31
(Zr0.4675Ti0.0825Cu0.075Ni0.1Be0.275)85Al15,…,…,…,5.72,117.5,48.4,116.9,2.415,0.318,33,89.8,0.34
Ni50Nb50,2.26,…,…,…,…,48.1,…,…,…,76,180,0.31
Ni59Zr19Ti11Nb6Si3Sn2,…,33,7,…,…,47.5,159.2,3.352,0.364,76,180,0.31
Ni40Cu5Zr28.5Ti16.5Al10,2.3,…,…,…,…,45.2,140.2,3.102,0.355,76,180,0.31
(Zr0.4675Ti0.0825Cu0.075Ni0.1Be0.275)90Al10,…,…,…,5.89,118.1,44.5,113.8,2.557,0.327,33,89.8,0.34
(Zr0.4675Ti0.0825Cu0.075Ni0.1Be0.275)88Al12,…,…,…,5.66,117.1,44.1,112.6,2.553,0.326,33,89.8,0.34
Zr25Ti30Cu7.5Be27.5Al10,…,…,…,4.93,114.8,43.7,101.7,2.327,0.312,33,89.8,0.34
Hf48Cu29.25Ni9.75Al13,…,…,…,11.00,116.4,43.1,128.9,2.991,0.349,30,110,0.37
Hf46Nb2Cu29.25Ni9.75Al13,…,…,…,11.80,116.5,43.1,130.3,3.023,0.351,30,110,0.37
Cu49Hf42Al9,2.33,65,32,11.00,115.3,42.7,128.9,3.019,0.351,48,140,0.34
Hf49Ta2Cu27.25Ni9.75Al12,…,…,…,11.30,114.6,42.4,127.6,3.009,0.350,30,110,0.37
Zr34Ti15Cu10Ni11Be28Y2,…,…,…,5.78,110.3,41.7,103.7,2.487,0.320,33,89.8,0.34
Hf62Ni25Al13,…,…,…,11.10,112.0,41.3,128.8,3.119,0.355,30,110,0.37
(Zr0.4675Ti0.0825Cu0.075Ni0.1Be0.275)95Al5,…,…,…,5.87,108.9,40.5,115.8,2.859,0.343,33,89.8,0.34
(Zr0.41Ti0.14Cu0.125Ni0.1Be0.225)98Y2,…,…,…,5.86,107.3,40.2,108.7,2.704,0.340,33,89.8,0.34
Ni45Ti20Zr25Al10,…,…,…,6.40,…,40.2,…,…,0.359,76,180,0.31
Ni40Cu2Pd2Zr27.6Ti18.4Al10,2.33,43,16,…,…,39.8,131.2,3.296,0.363,76,180,0.31
Zr30Ti30Cu7.5Be27.5Al5,…,…,…,5.13,105.1,39.7,98.3,2.476,0.322,33,89.8,0.34
Ni40Cu4Zr27.6Ti18.4Al10,2.25,35,9,…,…,39.6,132.3,3.341,0.364,76,180,0.31
Zr41Ti14Cu12.5Ni9Be22.5C1,…,…,…,6.16,105.7,39.5,107.3,2.716,0.336,33,89.8,0.34
Ni44Zr27.6Ti18.4Al10,2.28,26,6,…,107.6,39.5,130.4,3.301,0.362,76,180,0.31
Ti45Zr20Be30Cr5,1.72,…,…,4.76,105.6,39.2,114.5,2.921,0.350,44,110,0.32
Zr50Al10Ni10Cu15Be15,…,…,…,6.31,104.1,38.8,110.9,2.858,0.343,33,89.8,0.34
Zr41Ti14Cu12.5Be22.5Fe10,…,…,…,6.09,103.9,38.7,109.8,2.837,0.342,33,89.8,0.34
Pd64Fe16P20,…,…,…,8.75,105.8,37.9,169.8,4.480,0.396,44,180,0.39
Ni64Pd16P20,…,…,…,8.75,105.8,37.9,169.8,4.480,0.396,76,180,0.31
Zr53Ni23.5Al23.5,…,…,…,6.17,101.2,37.4,115.1,3.078,0.353,33,89.8,0.34
Cu50.4Ni5.6Ti31Zr13,2.09,59,30,…,102.1,37.4,126.5,3.382,0.365,48,140,0.34
Zr46.75Ti8.25Ni10Cu7.5Be27.5,1.86,54.6,…,6.01,100.5,37.2,111.9,3.008,0.350,33,89.8,0.34
Zr45.4Ti9.6Cu10.15Ni8.6Be26.25,…,…,…,6.05,99.9,37.0,111.9,3.024,0.350,33,89.8,0.34
Cu60Zr20Hf10Ti10,1.95,67.6,39,8.32,101.1,36.9,128.2,3.474,0.369,48,140,0.34
Zr33.5Ti24Cu15Be27.5,1.75,82.3,36.8,5.58,99.6,36.8,113,3.071,0.353,33,89.8,0.34
Zr33Ti30Cu7.5Be27.5Al2,…,…,…,5.26,97.7,36.7,97.2,2.649,0.332,33,89.8,0.34
Ni80P20,…,…,…,8.13,…,36.7,161.0,4.387,0.394,76,180,0.31
Cu60Zr29Ti10Sn1,…,…,…,7.41,95.5,36.6,100.7,2.751,0.342,48,140,0.34
Zr41Ti14Cu12.5Ni10Be22.5,1.86,45,…,6.16,101.3,36.5,115.3,3.159,0.356,33,89.8,0.34
Pd40Ni40P20,1.7,…,…,9.41,105.0,36.5,175.0,4.795,0.400,44,180,0.39
Zr45Nb10Cu13Ni10Be22,…,…,…,6.52,98.9,36.4,117.9,3.239,0.360,33,89.8,0.34
Zr41Ti14Cu12.5Ni5Be22.5Fe5,…,…,…,6.11,98.4,36.3,112.3,3.094,0.354,33,89.8,0.34
(Cu0.5Zr0.5)90Al10,…,…,…,7.20,99.1,36.3,121.4,3.344,0.364,48,140,0.34
Zr41Ti14Cu12.5Ni8Be22.5Fe2,…,…,…,6.08,97.8,36.1,112.3,3.111,0.355,33,89.8,0.34
Zr52.5Al10Ni10Cu15Be12.5,…,…,…,6.30,97.2,35.9,112.0,3.120,0.355,33,89.8,0.34
Zr50Cu25Be25,…,…,…,6.12,96.8,35.8,108.9,3.042,0.350,33,89.8,0.34
Zr44Ti11Cu9.3Ni10.2Be25Fe0.5,1.86,25.2,35.7,6.05,96.8,35.7,112.2,3.143,0.356,33,89.8,0.34
Ti45Zr20Be35,1.86,…,…,4.59,96.8,35.7,111.4,3.120,0.360,44,110,0.32
Ti40Zr25Ni3Cu12Be20,1.75,114.25,…,5.45,96.5,35.5,109.6,3.087,0.354,44,110,0.32
Pd40Ni10Cu30P20,1.52,…,…,9.26,99.8,35.5,172.6,4.862,0.404,44,180,0.39
Zr44Ti11Cu20Be25,1.8,84.7,35.3,6.03,95.8,35.3,111.2,3.150,0.356,33,89.8,0.34
(Zr0.589Ti0.056Cu0.222Ni0.133)84Al16,…,…,…,6.55,95.8,35.3,113.3,3.230,0.360,33,89.8,0.34
Pd39Ni10Cu30P21,…,…,…,9.15,98.6,35.3,159.4,4.516,0.397,44,180,0.39
Zr48Nb8Cu12Be24Fe8,…,…,…,6.44,95.7,35.2,113.6,3.227,0.360,33,89.8,0.34
Zr45Nb8Cu13Ni4Be22Fe8,…,…,…,6.54,95.5,35.1,114.9,3.274,0.361,33,89.8,0.34
Zr41Ti14Cu12.5Ni2Be22.5Fe8,…,…,…,5.94,93.8,35.0,98.4,2.811,0.341,33,89.8,0.34
Cu45Zr46Al9,…,56,29,…,95.3,34.9,118.6,3.398,0.366,48,140,0.34
Cu60Zr33Ti7,2.16,61,34,…,95.7,34.9,122.2,3.501,0.370,48,140,0.34
Zr55Nb9Cu15Ni11Al10,…,…,…,6.88,95.0,34.8,117.3,3.371,0.365,33,89.8,0.34
Zr40Mg0.5Ti15Cu11Ni11Be21.5Y1,…,…,…,6.05,94.2,34.7,109.9,3.167,0.357,33,89.8,0.34
Zr55.8Ni24.8Al19.4,…,…,…,6.33,94.3,34.6,113.9,3.292,0.362,33,89.8,0.34
Zr35Ti30Cu7.5Be27.5,…,…,…,5.33,92.5,34.5,96.5,2.797,0.340,33,89.8,0.34
Zr48Nb8Cu14Ni12Be18,…,…,…,6.70,94.0,34.4,118.4,3.442,0.368,33,89.8,0.34
Zr55Al10Ni10Cu15Be10,…,…,…,6.41,93.7,34.4,111.6,3.244,0.360,33,89.8,0.34
(Cu0.46Zr0.42Al0.07Y0.05)96Sn4,…,…,…,7.05,92.9,34.4,103.2,3.000,0.350,48,140,0.34
(Cu0.5Zr0.5)92Al8,…,…,…,7.08,93.7,34.3,116.4,3.393,0.366,48,140,0.34
Pd56Fe24P20,…,…,…,9.90,96.0,34.3,161.2,4.700,0.401,44,180,0.39
Zr36Ti14Cu12.5Ni5Be20.5Fe12,…,…,…,6.52,92.7,34.0,113.4,3.335,0.364,33,89.8,0.34
(Zr0.59Ti0.06Cu0.22Ni0.13)85.7Al14.3,…,…,…,6.61,92.7,34.0,112.7,3.315,0.363,33,89.8,0.34
Zr56Co28Al16,2.14,77,…,6.50,92.4,33.9,113.1,3.336,0.364,33,89.8,0.34
Zr53Ti5Cu20Ni12Al15,…,…,…,6.57,92.1,33.8,112.3,3.322,0.360,33,89.8,0.34
(Zr0.55Al0.15Ni0.1Cu0.2)98Y2,…,…,…,6.56,92.1,33.8,110.6,3.272,0.361,33,89.8,0.34
(Cu0.5Zr0.5)94Al6,…,…,…,7.13,92.4,33.8,113.8,3.367,0.365,48,140,0.34
Pt60Ni15P25,…,…,…,15.71,96.1,33.8,201.9,5.973,0.421,61,230,0.38
Zr60Al19Ni21,1.75,89,…,6.30,91.2,33.5,109.1,3.257,0.361,33,89.8,0.34
(Zr58.9Ti5.6Cu22.2Ni13.3)88Al12,…,…,…,6.70,91,33.4,111.4,3.335,0.360,33,89.8,0.34
Pd81Si19,…,…,…,10.61,94.5,33.4,182.6,5.467,0.414,44,180,0.39
Cu50Zr45Al5,1.89,…,…,7.22,91.2,33.3,117.3,3.523,0.370,48,140,0.34
Pt57.5Cu14.7Ni5.3P22.5,1.4,84,90,15.02,94.8,33.3,198.7,5.967,0.420,61,230,0.38
Cu44.25Ag14.75Zr36Ti5,1.97,40,15,…,90.8,33.1,117.0,3.535,0.371,48,140,0.34
Zr48Cu45Al7,1.85,101,…,7.10,90.1,33.0,112.8,3.418,0.367,33,89.8,0.34
(Cu0.5Zr0.5)92Al7Gd1,…,…,…,7.13,90.6,32.9,123.7,3.760,0.380,48,140,0.34
Cu45Zr42.55Al9Y3.45,1.87,37,13,…,89.7,32.9,110.0,3.343,0.364,48,140,0.34
Pd77.5Si16.5Cu6,1.57,51,35,10.40,92.9,32.9,174.6,5.307,0.411,44,180,0.39
(Zr0.4675Ti0.0825Cu0.075Ni0.1Be0.275)98Al2,…,…,…,5.89,101.8,32.8,110.6,3.372,0.347,33,89.8,0.34
Pd64Ni16P20,…,…,…,10.08,93.5,32.8,172.0,5.244,0.410,44,180,0.39
Zr58Ni26.6Al15.4,…,…,…,6.52,88.9,32.4,114.8,3.543,0.371,33,89.8,0.34
(Cu0.5Zr0.5)96Al4,…,…,…,7.22,88.7,32.4,113.7,3.509,0.370,48,140,0.34
(Cu0.5Zr0.5)94.5Al5.5,…,…,…,7.17,89.0,32.4,115.6,3.568,0.372,48,140,0.34
Cu45Zr45Al7Gd3,…,…,…,7.16,89.0,32.4,117.1,3.614,0.373,48,140,0.34
Pt74.7Cu1.5Ag0.3P18B4Si1.5,1.2,125,…,17.23,…,32.4,216.7,6.688,0.430,61,230,0.38
(Zr0.4675Ti0.0825Cu0.075Ni0.1Be0.275)92Al8,…,…,…,5.88,86.7,32.3,91.6,2.836,0.342,33,89.8,0.34
Sc36Al24Co20Y20,…,…,…,4.21,85.2,32.2,77.6,2.410,0.317,29,57,0.28
Zr57Nb5Cu15.4Ni12.6Al10,1.8,27,7,6.69,87.3,32.0,107.7,3.366,0.365,33,89.8,0.34
Cu46Zr44Al7Y3,…,…,…,7.03,87.7,32.0,112.1,3.503,0.370,48,140,0.34
Cu51Zr41Ti8,1.83,56,31,…,87.9,31.9,118.8,3.724,0.377,48,140,0.34
Zr35Ti30Cu8.25Be26.75,1.43,85,96.1,5.40,86.9,31.8,113.7,3.575,0.370,33,89.8,0.34
Zr52.5Ti5Cu17.9Ni14.6Al10,1.77,54,…,6.60,87.2,31.8,111.4,3.503,0.370,33,89.8,0.34
Zr55Al10Ni5Cu30,1.82,58,…,6.80,86.8,31.7,109.9,3.467,0.369,33,89.8,0.34
(Cu0.541Zr0.382Ti0.077)98Y2,…,36,13,…,86.9,31.6,114.2,3.614,0.373,48,140,0.34
(Zr0.55Al0.15Ni0.1Cu0.2)96Y4,…,…,…,6.44,85.9,31.5,104.8,3.327,0.363,33,89.8,0.34
Zr53Ti5Cu20Ni12Al10,…,…,…,6.75,86.0,31.3,112.3,3.588,0.370,33,89.8,0.34
Cu50Zr50,1.92,…,…,7.40,85.0,31.3,101.2,3.233,0.360,48,140,0.34
(Cu0.46Zr0.42Al0.07Y0.05)96Cr4,…,…,…,7.00,85.7,31.2,114.3,3.663,0.375,48,140,0.34
Zr60Nb3Cu14Ni13Al10,…,…,…,6.73,85.4,31.1,112.3,3.611,0.373,33,89.8,0.34
Lu45Y10Al25Co20,1.89,…,…,…,…,31.1,…,…,…,27,48,0.26
Pd79Ag3.5P6Si9.5Ge2,1.49,200,…,…,…,31.0,172.0,5.548,0.420,44,180,0.39
Zr60Al12Cu28,…,93,…,6.60,84.0,30.7,106.5,3.469,0.369,33,89.8,0.34
Lu55Al25Co20,…,…,…,8.69,80.0,30.6,69.2,2.261,0.307,27,48,0.26
Tm40Y15Al25Co10Ni10,…,…,…,8.03,79.4,30.4,68.7,2.260,0.307,31,45,0.21
Zr65Al10Ni10Cu15,…,…,…,…,83.0,30.3,…,…,0.355,33,89.8,0.34
Zr61Ti2Cu25Al12,1.6,96,…,6.50,82.8,30.2,104.1,3.447,0.367,33,89.8,0.34
Zr52.5Nb5Cu17.9Ni14.6Al10,…,…,…,6.65,82.9,30.2,109.7,3.632,0.370,33,89.8,0.34
Zr57Ti5Cu20Ni8Al10,1.77,80,68,6.52,82.0,30.1,99.2,3.296,0.362,33,89.8,0.34
Zr61Cu16.3Ni12.8Al7.9Sn2,1.69,37.6,14.6,6.78,81.9,30.1,99.8,3.321,0.363,33,89.8,0.34
(Zr0.55Al0.1Ni0.05Cu0.3)99Y1,…,…,…,…,83.0,30.0,108.0,3.600,0.371,33,89.8,0.34
(Zr0.55Nb0.09Cu0.15Ni0.11Al0.1)99B1,…,…,…,6.76,82.3,30.0,108.2,3.607,0.373,33,89.8,0.34
Lu39Y16Al25Co20,…,…,…,7.59,78.9,30.0,71.3,2.377,0.316,27,48,0.26
Zr60.525Cu19.35Ni10.125Al10,…,…,…,6.70,82.0,29.8,109.0,3.658,0.374,33,89.8,0.34
Zr61Cu15.8Ni12.8Al7.9Sn2.5,…,…,…,6.82,81.5,29.8,102.1,3.426,0.367,33,89.8,0.34
Zr62.325Cu17.55Ni10.125Al10,…,…,…,6.68,81.0,29.5,108.4,3.675,0.375,33,89.8,0.34
Tm39Y16Al25Co20,1.98,…,…,7.30,77.5,29.4,66.1,2.251,0.304,31,45,0.21
Zr61.88Al10Ni10.12Cu18,…,…,…,6.66,80.5,29.3,107.7,3.676,0.375,33,89.8,0.34
Zr61Al8.9Fe10.2Cu10.2Ag9.7,…,…,…,6.89,…,29.2,…,…,…,33,89.8,0.34
Cu46Zr42Al7Y5,…,…,…,6.95,80.0,29.1,106.8,3.670,0.375,48,140,0.34
Zr61Cu18.3Ni12.8Al7.9,…,…,…,6.82,79.1,28.9,101.4,3.509,0.370,33,89.8,0.34
Zr62Al10Ni12.6Cu15.4,…,…,…,6.62,79.7,28.9,109.0,3.772,0.378,33,89.8,0.34
Zr61Cu17.8Ni12.8Al7.9Sn0.5,…,…,…,6.78,78.8,28.8,101.3,3.517,0.370,33,89.8,0.34
Zr64.13Al10Ni10.12Cu15.75,…,…,…,6.60,78.4,28.5,106.6,3.740,0.377,33,89.8,0.34
Zr61Cu16.8Ni12.8Al7.9Sn1.5,…,…,…,6.79,77.3,28.4,92.9,3.271,0.362,33,89.8,0.34
Zr65.025Cu14.85Ni10.125Al10,…,…,…,6.59,78.2,28.4,104.4,3.676,0.375,33,89.8,0.34
Zr60Al10Ni10Cu15Be5,…,…,…,6.50,78.0,28.2,109.7,3.890,0.381,33,89.8,0.34
Zr61Cu17.3Ni12.8Al7.9Sn1,1.68,46.2,44,6.80,77.4,28.2,102.6,3.639,0.374,33,89.8,0.34
Pd80P20,…,…,…,10.22,80.5,28.2,160.0,5.674,0.416,44,180,0.39
Tm40Zr15Al25Co20,…,…,…,7.70,73.8,28.0,68.1,2.432,0.319,31,45,0.21
Zr66Al9(Ni1/3Cu2/3)25,…,…,…,…,76.3,27.8,98.2,3.532,0.371,33,89.8,0.34
(ZrNb)70.7(CuNiAl)29.3,…,…,…,6.64,76.1,27.6,105.8,3.833,0.380,33,89.8,0.34
Tm45Y10Al25Co20,…,…,…,7.66,71.5,27.3,62.3,2.282,0.309,31,45,0.21
Er55Al25Co20,1.12,…,…,8.16,70.7,27.1,60.7,2.242,0.306,28,44,0.24
Er50Y6Al24Co20,…,…,…,7.83,71.1,27.0,65.1,2.412,0.318,28,44,0.24
Zr68Al8(Ni1/3Cu2/3)24,…,…,…,…,73.8,26.8,102.2,3.813,0.377,33,89.8,0.34
Er36Y20Al24Co20,…,…,…,6.98,70.0,26.6,63.8,2.398,0.317,28,44,0.24
Au49Ag5.5Pd2.3Cu26.9Si16.3,…,…,…,…,74.4,26.5,132.3,4.992,0.406,27,220,0.44
(ZrNb)72.8(CuNiAl)27.2,…,…,…,6.68,73.2,26.4,106.2,4.023,0.385,33,89.8,0.34
Ho39Al25Co20Y16,…,…,…,7.02,69.1,26.2,63.6,2.428,0.319,26,40,0.23
(ZrNb)73.4(CuNiAl)26.6,…,…,…,6.67,71.4,25.9,96.7,3.734,0.377,33,89.8,0.34
Ho30Al24Co20Y26,…,…,…,6.49,68.3,25.9,63.0,2.434,0.319,26,40,0.23
Tm27.5Y27.5Al25Co20,…,…,…,6.48,68.0,25.8,61.9,2.399,0.317,31,45,0.21
Tm55Al25Co20,…,…,…,8.27,72.2,25.6,62.0,2.422,0.306,31,45,0.21
Zr70Al7(Ni1/3Cu2/3)23,…,…,…,…,70.7,25.4,112.5,4.429,0.395,33,89.8,0.34
Ho55Al25Co20,0.87,…,…,7.89,66.7,25.4,58.8,2.311,0.311,26,40,0.23
Ho40Al22Co22Y16,…,…,…,7.11,66.6,25.3,60.7,2.404,0.317,26,40,0.23
Dy46Y10Al24Co18Fe2,…,…,…,7.21,64.23,24.4,58.5,2.397,0.317,25,41,0.25
Tb36Y20Al24Co20,…,…,…,6.63,63.6,24.0,60.5,2.521,0.325,22,39,0.26
Mg55Cu25Ag10Gd10,…,…,…,4.92,61.7,23.6,53.5,2.267,0.308,17,45,0.29
Gd36Y20Al24Co20,…,…,…,6.40,62.1,23.5,57.2,2.432,0.319,22,38,0.26
Gd40Y16Al24Co20,…,…,…,6.66,62.2,23.5,58.0,2.466,0.321,22,38,0.26
Dy55Al25Co20,0.72,…,…,7.56,61.4,23.5,52.2,2.219,0.304,25,41,0.25
Gd51Al24Co20Zr4Nb1,…,…,…,7.31,61.8,23.3,60.1,2.584,0.329,22,38,0.26
Tb55Al25Co20,0.83,…,…,7.49,59.5,22.8,50.2,2.202,0.302,22,39,0.26
Sm40Y15Al25Co20,…,…,…,6.28,57.1,21.6,54.7,2.536,0.326,20,38,0.27
Mg58Cu27Y10Zn5,…,…,…,3.56,55.2,21.3,44.8,2.103,0.295,17,45,0.29
Mg57Cu31Y6.6Nd5.4,1.126,6.1,0.61,3.81,54.4,20.7,48.3,2.333,0.312,17,45,0.29
Mg60Cu25Gd10Zn5,…,…,…,4.06,54.0,20.6,46.7,2.267,0.307,17,45,0.29
Mg56Cu21Ag14Y9,…,5.9,0.57,4.19,54.8,20.6,54.3,2.636,0.332,17,45,0.29
Mg54Cu28Ag7Y11,…,6.2,0.63,4.03,54.7,20.6,52.0,2.524,0.325,17,45,0.29
Mg57Cu34Nd9,0.87,3.6,0.23,4.10,54.2,20.5,50.7,2.473,0.322,17,45,0.29
Mg58.5Cu30.5Y11,…,…,…,3.55,53.9,20.4,49.4,2.422,0.318,17,45,0.29
Mg61Cu22.4Ag5.6Y11,…,5.1,0.46,3.74,53.0,20.1,48.9,2.433,0.319,17,45,0.29
Mg63Cu26Y11,…,4.2,0.3,3.32,52.4,20.0,47.0,2.350,0.314,17,45,0.29
Mg60Cu25Gd15,…,…,…,4.22,52.2,19.9,46.6,2.342,0.313,17,45,0.29
(Mg0.65Cu0.25Gd0.1)99Ti1,…,…,…,3.94,52.3,19.9,47.8,2.402,0.317,17,45,0.29
(Mg0.65Cu0.25Gd0.1)97Sn3,…,…,…,4.03,52.0,19.9,45.4,2.282,0.309,17,45,0.29
(Mg0.65Cu0.25Gd0.1)95Ti5,…,…,…,3.94,51.8,19.8,44.6,2.253,0.306,17,45,0.29
Mg61Cu28Gd11,1.075,5.6,0.6,4.01,52.2,19.8,47.6,2.404,0.317,17,45,0.29
Mg59.5Cu22.9Ag6.6Gd11,…,8.2,1.22,4.23,52.2,19.8,48.3,2.439,0.320,17,45,0.29
Mg65Cu25Tb10,0.8,2,0.07,3.98,51.3,19.6,44.7,2.281,0.309,17,45,0.29
(Mg0.65Cu0.25Gd0.1)99Sn1,…,…,…,3.88,50.8,19.4,44.9,2.314,0.311,17,45,0.29
Mg65Cu25Tb10,0.9,6,0.63,3.76,51.3,19.4,45.8,2.361,0.314,17,45,0.29
Mg65Cu25Gd10,…,…,…,3.79,50.6,19.3,45.1,2.337,0.310,17,45,0.29
Pr60Ni10Al10Fe20,…,…,…,6.80,49.8,19.2,41.6,2.173,0.300,15,29,0.28
(Mg0.65Cu0.25Gd0.1)97Ti3,…,…,…,3.81,50.0,19.1,44.1,2.309,0.311,17,45,0.29
Ce60Al15Ni15Cu10,…,…,…,6.67,48.0,18.7,36.6,1.957,0.281,14,22,0.24
Pr60Cu2Ni10Al10Fe18,…,…,…,6.80,48.9,18.7,42.5,2.274,0.308,15,29,0.28
Pr55Al12Fe30Cu3,…,…,…,6.62,47.6,18.2,41.4,2.274,0.310,15,29,0.28
Mg64Ni21Nd15,0.88,5.1,0.5,3.70,47.4,17.9,44.8,2.503,0.324,17,45,0.29
Pr60Cu5Ni10Al10Fe15,…,…,…,6.79,47.4,17.9,45.3,2.533,0.326,15,29,0.28
(Ce0.72Cu0.28)90Al10,…,…,…,6.70,36.3,17.7,34.3,1.938,0.323,14,22,0.24
Pr55Al25Co20,1.01,…,…,6.37,46.0,17.4,43.5,2.503,0.324,15,29,0.28
Pr55Cu14.3Ni5.7Al25,…,…,…,6.36,46.2,17.2,48.2,2.794,0.340,15,29,0.28
Pr60Cu10Ni10Al10Fe10,…,…,…,6.81,45.9,17.2,46.6,2.714,0.336,15,29,0.28
Pr60Cu12Ni10Al10Fe8,…,…,…,6.81,45.0,16.8,47.7,2.848,0.343,15,29,0.28
Pr55Cu17Ni8Al20,…,…,…,6.43,43.0,16.1,42.3,2.622,0.331,15,29,0.28
La55Al25Cu10Ni5Co5,0.875,5,…,5.91,41.7,15.5,44.4,2.861,0.343,14,28,0.28
La55Al25Co20,0.99,…,…,5.80,40.9,15.4,39.4,2.554,0.327,14,28,0.28
La60Al20Co20,…,…,…,6.27,38.7,14.5,39.2,2.700,0.335,14,28,0.28
Ce60Al20Cu20,…,…,…,6.43,37.5,14.3,33.5,2.343,0.313,14,22,0.24
Pr60Cu14Ni10Al10Fe6,…,…,…,6.80,38.6,14.3,43.2,3.024,0.351,15,29,0.28
Pr60Cu17Ni8Al15,…,…,…,6.55,38.4,14.2,44.3,3.128,0.356,15,29,0.28
(Ce0.72Cu0.28)75Al10Fe15,…,…,…,6.87,37.4,14.1,35.7,2.532,0.325,14,22,0.24
Pr60Cu16Ni10Al10Fe4,…,…,…,6.83,38.1,14.1,42.6,3.021,0.351,15,29,0.28
Pr60Cu18Ni10Al10Fe2,…,…,…,6.83,37.8,14.0,43.2,3.096,0.354,15,29,0.28
(Ce0.72Cu0.28)85Al10Fe5,…,…,…,6.75,36.9,13.9,35.7,2.568,0.328,14,22,0.24
La57.6Al17.5(Cu0.5Ni0.5)24.9,…,…,…,6.00,37.6,13.9,41.3,2.966,0.348,14,28,0.28
Pr60Cu20Ni10Al10,…,…,…,6.90,37.2,13.6,45.2,3.312,0.360,15,29,0.28
La66Al14Ni10Cu10,…,…,…,6.04,35.7,13.4,34.9,2.597,0.330,14,28,0.28
Ca50Mg20Cu30,…,…,…,…,33.2,12.6,29.0,2.302,0.311,7.4,17,0.31
La64Al14(Cu0.5Ni0.5)22,…,…,…,6.11,33.9,12.5,39.1,3.134,0.356,14,28,0.28
Ce68Al10Cu20Fe2,…,…,…,6.74,32.8,12.3,31.6,2.569,0.327,14,22,0.24
Ca48Mg27Cu25,…,…,…,2.40,29.8,12.2,18.8,1.541,…,7.4,17,0.31
Ce68Al10Cu20Ni2,…,…,…,6.75,31.9,12.0,31.8,2.650,0.332,14,22,0.24
La68Al10Cu20Co2,…,…,…,6.21,32.7,12.0,38.8,3.225,0.360,14,28,0.28
(Ce0.7La0.3)68Al10Cu20Co2,…,…,…,6.65,31.8,11.9,32.9,2.765,0.339,14,22,0.24
Ce68Al10Cu20Co2,…,…,…,6.75,31.3,11.8,30.3,2.568,0.328,14,22,0.24
Ce68Al10Cu20Nb2,…,…,…,6.74,31.0,11.7,30.1,2.573,0.328,14,22,0.24
Ce69Al10Cu20Co1,…,…,…,6.75,31.3,11.7,31.1,2.660,0.333,14,22,0.24
Ce65Al10Ni10Cu10Nb5,…,…,…,6.76,30.9,11.6,29.8,2.569,0.327,14,22,0.24
Ce69.5Al10Cu20Co0.5,…,…,…,6.74,31.1,11.6,31.3,2.698,0.334,14,22,0.24
(Ce0.8La0.2)68Al10Cu20Co2,…,…,…,6.69,31.1,11.6,31.8,2.741,0.337,14,22,0.24
(La0.7Ce0.3)68Al10Cu20Co2,…,…,…,6.42,31.4,11.6,35.3,3.040,0.352,14,28,0.28
(La0.5Ce0.5)68Al10Cu20Co2,…,…,…,6.49,31.3,11.6,34.3,2.957,0.348,14,28,0.28
Ce70Al10Ni10Cu10,0.4,10,3,6.67,30.3,11.5,27.0,2.348,0.313,14,22,0.24
Ce69.8Al10Cu20Co0.2,…,…,…,6.73,30.8,11.5,31.2,2.713,0.335,14,22,0.24
Ce70Al10Cu20,…,…,…,6.70,29.9,11.3,29.2,2.584,0.329,14,22,0.24
(La0.8Ce0.2)68Al10Cu20Co2,…,…,…,6.33,30.7,11.3,35.1,3.095,0.354,14,28,0.28
(La0.9Ce0.1)68Al10Cu20Co2,…,…,…,6.30,30.4,11.2,35.8,3.199,0.358,14,28,0.28
(La0.6Ce0.4)68Al10Cu20Co2,…,…,…,6.45,30.4,11.2,34.4,3.071,0.353,14,28,0.28
Ca55Mg25Cu20,…,…,…,2.22,27.98,10.8,22.6,2.091,0.294,7.4,17,0.31
Yb62.5Zn15Mg17.5Cu5,…,…,…,6.52,26.5,10.4,19.8,1.902,0.276,9.9,31,0.21
Ca65Mg8.54Li9.96Zn16.5,…,…,…,1.96,23.4,9.0,20.2,2.244,0.307,7.4,17,0.31
Ca65Mg8.31Li9.69Zn17,…,…,…,1.98,23.2,9.0,18.5,2.056,0.291,7.4,17,0.31
Sr50Mg20Zn20Cu10,…,…,…,3.26,22.9,9.0,17.1,1.906,0.276,6.1,12,0.28
Ca20Zn20Sr20Yb20Mg20,…,…,…,3.56,22.8,8.9,17.5,1.969,0.283,7.4,17,0.31
Sr40Yb20Mg20Zn15Cu5,…,…,…,3.95,20.6,7.9,17.6,2.234,0.305,6.1,12,0.28
Sr60Mg20Zn15Cu5,…,…,…,3.04,19.9,7.8,15.3,1.972,0.283,6.1,12,0.28
Sr60Mg18Zn22,…,…,…,3.04,19.7,7.7,14.6,1.894,0.276,6.1,12,0.28
Sr60Li5Mg15Zn20,…,…,…,2.99,18.4,7.0,16.1,2.293,0.310,6.1,12,0.28
Ca20Zn20Sr20Yb20Li11Mg9,…,…,…,3.60,16.0,6.3,12.0,1.905,0.280,7.4,17,0.31
